{
  "meta": {
    "seeds": [
      42
    ],
    "max_epochs": 10,
    "ranks": [
      64,
      128
    ],
    "device": "cpu"
  },
  "ablation": [
    {
      "label": "A) Standart MLP + Sabit Epoch",
      "params": 669706,
      "seeds": [
        42
      ],
      "test_acc": {
        "mean": 0.9783,
        "std": 0.0
      },
      "test_loss": {
        "mean": 0.09791431305408478,
        "std": 0.0
      },
      "elapsed_sec": {
        "mean": 29.73,
        "std": 0.0
      },
      "epochs_run": {
        "mean": 10.0,
        "std": 0.0
      },
      "inference_ms": {
        "mean": 0.319,
        "std": 0.0
      },
      "int8_inference_ms": null,
      "runs": [
        {
          "seed": 42,
          "test_acc": 0.9783,
          "test_loss": 0.09791431305408478,
          "elapsed_sec": 29.73,
          "epochs_run": 10,
          "inference_ms": 0.319,
          "int8_inference_ms": null,
          "val_loss": [
            0.1245045788983504,
            0.10450155775745709,
            0.09035079158842564,
            0.09626910268266996,
            0.09248826444149018,
            0.08299329364299775,
            0.10811857318878174,
            0.0892556319286426,
            0.09195431203643481,
            0.09425837885340055
          ],
          "val_acc": [
            0.9616666666666667,
            0.9708333333333333,
            0.9736666666666667,
            0.973,
            0.9745,
            0.9766666666666667,
            0.9735,
            0.9783333333333334,
            0.9785,
            0.9791666666666666
          ]
        }
      ]
    },
    {
      "label": "B) BulkLinear + Sabit Epoch",
      "params": 303214,
      "seeds": [
        42
      ],
      "test_acc": {
        "mean": 0.9758,
        "std": 0.0
      },
      "test_loss": {
        "mean": 0.08833930904865264,
        "std": 0.0
      },
      "elapsed_sec": {
        "mean": 32.14,
        "std": 0.0
      },
      "epochs_run": {
        "mean": 10.0,
        "std": 0.0
      },
      "inference_ms": {
        "mean": 0.254,
        "std": 0.0
      },
      "int8_inference_ms": null,
      "runs": [
        {
          "seed": 42,
          "test_acc": 0.9758,
          "test_loss": 0.08833930904865264,
          "elapsed_sec": 32.14,
          "epochs_run": 10,
          "inference_ms": 0.254,
          "int8_inference_ms": null,
          "val_loss": [
            0.1469633332292239,
            0.11160066094001134,
            0.10243560733397802,
            0.13384807093938192,
            0.08640587885181109,
            0.1138930090268453,
            0.11923523648579916,
            0.09611399788657825,
            0.12660569468140603,
            0.08825066555539766
          ],
          "val_acc": [
            0.9578333333333333,
            0.9658333333333333,
            0.9695,
            0.9613333333333334,
            0.9743333333333334,
            0.9678333333333333,
            0.9706666666666667,
            0.9711666666666666,
            0.967,
            0.976
          ]
        }
      ]
    },
    {
      "label": "C) BulkLinear + StiffTransient",
      "params": 303214,
      "seeds": [
        42
      ],
      "test_acc": {
        "mean": 0.977,
        "std": 0.0
      },
      "test_loss": {
        "mean": 0.07921400113105774,
        "std": 0.0
      },
      "elapsed_sec": {
        "mean": 16.22,
        "std": 0.0
      },
      "epochs_run": {
        "mean": 5.0,
        "std": 0.0
      },
      "inference_ms": {
        "mean": 0.257,
        "std": 0.0
      },
      "int8_inference_ms": null,
      "runs": [
        {
          "seed": 42,
          "test_acc": 0.977,
          "test_loss": 0.07921400113105774,
          "elapsed_sec": 16.22,
          "epochs_run": 5,
          "inference_ms": 0.257,
          "int8_inference_ms": null,
          "val_loss": [
            0.1469633332292239,
            0.11160066094001134,
            0.10243560733397802,
            0.13384807093938192,
            0.08640587885181109
          ],
          "val_acc": [
            0.9578333333333333,
            0.9658333333333333,
            0.9695,
            0.9613333333333334,
            0.9743333333333334
          ]
        }
      ]
    },
    {
      "label": "D) BulkLinear + Stiff + Zenon fp16",
      "params": 303214,
      "seeds": [
        42
      ],
      "test_acc": {
        "mean": 0.9696,
        "std": 0.0
      },
      "test_loss": {
        "mean": 0.09417075641155243,
        "std": 0.0
      },
      "elapsed_sec": {
        "mean": 31.09,
        "std": 0.0
      },
      "epochs_run": {
        "mean": 5.0,
        "std": 0.0
      },
      "inference_ms": {
        "mean": 0.255,
        "std": 0.0
      },
      "int8_inference_ms": null,
      "runs": [
        {
          "seed": 42,
          "test_acc": 0.9696,
          "test_loss": 0.09417075641155243,
          "elapsed_sec": 31.09,
          "epochs_run": 5,
          "inference_ms": 0.255,
          "int8_inference_ms": null,
          "val_loss": [
            0.1469633332292239,
            0.11160066094001134,
            0.10243560733397802,
            0.16933088318506875,
            0.09402114925781886
          ],
          "val_acc": [
            0.9578333333333333,
            0.9658333333333333,
            0.9695,
            0.9543333333333334,
            0.9718333333333333
          ]
        }
      ]
    },
    {
      "label": "E) BulkLinear + Stiff + Zenon + int8",
      "params": 303214,
      "seeds": [
        42
      ],
      "test_acc": {
        "mean": 0.9696,
        "std": 0.0
      },
      "test_loss": {
        "mean": 0.09417075641155243,
        "std": 0.0
      },
      "elapsed_sec": {
        "mean": 31.47,
        "std": 0.0
      },
      "epochs_run": {
        "mean": 5.0,
        "std": 0.0
      },
      "inference_ms": {
        "mean": 0.26,
        "std": 0.0
      },
      "int8_inference_ms": null,
      "runs": [
        {
          "seed": 42,
          "test_acc": 0.9696,
          "test_loss": 0.09417075641155243,
          "elapsed_sec": 31.47,
          "epochs_run": 5,
          "inference_ms": 0.26,
          "int8_inference_ms": null,
          "val_loss": [
            0.1469633332292239,
            0.11160066094001134,
            0.10243560733397802,
            0.16933088318506875,
            0.09402114925781886
          ],
          "val_acc": [
            0.9578333333333333,
            0.9658333333333333,
            0.9695,
            0.9543333333333334,
            0.9718333333333333
          ]
        }
      ]
    }
  ],
  "rank_sweep": [
    {
      "rank": 64,
      "label": "BulkLinear rank=64",
      "params": 154734,
      "seeds": [
        42
      ],
      "test_acc": {
        "mean": 0.9672,
        "std": 0.0
      },
      "test_loss": {
        "mean": 0.11555979239940643,
        "std": 0.0
      },
      "elapsed_sec": {
        "mean": 13.52,
        "std": 0.0
      },
      "epochs_run": {
        "mean": 5.0,
        "std": 0.0
      },
      "inference_ms": {
        "mean": 0.227,
        "std": 0.0
      },
      "int8_inference_ms": null,
      "runs": [
        {
          "seed": 42,
          "test_acc": 0.9672,
          "test_loss": 0.11555979239940643,
          "elapsed_sec": 13.52,
          "epochs_run": 5,
          "inference_ms": 0.227,
          "int8_inference_ms": null,
          "val_loss": [
            0.16395600336790084,
            0.13003496203819911,
            0.11887132187684377,
            0.11456198211510976,
            0.11025435407956441
          ],
          "val_acc": [
            0.9511666666666667,
            0.9621666666666666,
            0.965,
            0.9643333333333334,
            0.9691666666666666
          ]
        }
      ]
    },
    {
      "rank": 128,
      "label": "BulkLinear rank=128",
      "params": 303214,